fips,county,state_abbr,year_access2,year_bphigh,year_checkup,year_csmoking,year_depression,year_diabetes,year_foodinsecu,year_lacktrpt,year_lpa,year_mammouse,year_mhlth,year_obesity,prevalence_access2,prevalence_bphigh,prevalence_checkup,prevalence_csmoking,prevalence_depression,prevalence_diabetes,prevalence_foodinsecu,prevalence_lacktrpt,prevalence_lpa,prevalence_mammouse,prevalence_mhlth,prevalence_obesity,lower_ci_access2,lower_ci_bphigh,lower_ci_checkup,lower_ci_csmoking,lower_ci_depression,lower_ci_diabetes,lower_ci_foodinsecu,lower_ci_lacktrpt,lower_ci_lpa,lower_ci_mammouse,lower_ci_mhlth,lower_ci_obesity,upper_ci_access2,upper_ci_bphigh,upper_ci_checkup,upper_ci_csmoking,upper_ci_depression,upper_ci_diabetes,upper_ci_foodinsecu,upper_ci_lacktrpt,upper_ci_lpa,upper_ci_mammouse,upper_ci_mhlth,upper_ci_obesity
39001,Adams,OH,2022,2021,2022,2022,2022,2022,2022,2022,2022,2022,2022,2022,10.2,35.3,76.5,24,29.7,13.2,15.8,9.8,30.3,72.4,23.2,45.2,9,31.5,72.5,21.3,25.8,11.5,14,8.8,26,64.7,21.1,37.9,11.4,39,80.1,26.7,33.8,14.9,17.6,10.8,34.7,79.3,25.4,52.6
39003,Allen,OH,2022,2021,2022,2022,2022,2022,2022,2022,2022,2022,2022,2022,7.4,35,74.1,22.5,27.7,12.9,14.1,9.7,30.6,71.9,21.6,47.1,6.6,31.5,70.6,20.2,24.5,11.4,12.6,8.8,27.1,65.2,19.8,42,8.3,38.6,77.5,25,31.2,14.5,15.8,10.7,34.5,78.2,23.7,52.4
39005,Ashland,OH,2022,2021,2022,2022,2022,2022,2022,2022,2022,2022,2022,2022,7.2,32.3,75.7,21.7,28.5,11.5,12,8.2,29,75,21.4,40.5,6.4,28.5,71.8,19.3,24.7,10.1,10.6,7.4,24.8,67.8,19.5,33.5,8.1,36.1,79.3,24.2,32.5,13,13.5,9,33.3,81.5,23.4,47.7
39007,Ashtabula,OH,2022,2021,2022,2022,2022,2022,2022,2022,2022,2022,2022,2022,9.4,35.1,75.5,21.9,27.3,12.3,18.1,11.3,27.4,74,21.8,43.1,8.4,31.6,71.9,19.7,24,10.8,16.2,10.2,23.9,67,20,37.4,10.5,39.1,78.8,24.2,30.7,13.8,20.2,12.4,31,80.2,23.7,48.8
39009,Athens,OH,2022,2021,2022,2022,2022,2022,2022,2022,2022,2022,2022,2022,7.6,34.8,77.2,17.7,28.6,11.7,12.9,8.5,23.6,73.7,19.5,38.3,6.7,31.3,74,15.8,25.4,10.4,11.5,7.7,20.7,67,17.8,33.5,8.5,38.1,80.3,19.8,32,13.2,14.4,9.3,26.7,79.6,21.3,43.3
39011,Auglaize,OH,2022,2021,2022,2022,2022,2022,2022,2022,2022,2022,2022,2022,6.2,30.3,76.1,18.5,25.2,10.1,11.9,8,23,72.9,19,42.6,5.4,27,72.4,16.5,21.9,8.8,10.5,7.3,19.6,65.4,17.2,36.6,7,33.9,79.6,20.7,28.9,11.6,13.4,8.9,26.6,79.6,20.9,49
39013,Belmont,OH,2022,2021,2022,2022,2022,2022,2022,2022,2022,2022,2022,2022,8.8,32.6,76,23.2,28.1,12.2,15.6,9.8,31.2,72.9,21.9,43,7.8,29.2,72.6,20.8,24.9,10.7,13.9,8.9,27.6,66.4,20,37.9,9.9,36.2,79.2,25.6,31.5,13.7,17.3,10.8,34.9,78.9,23.9,48.1
39015,Brown,OH,2022,2021,2022,2022,2022,2022,2022,2022,2022,2022,2022,2022,8.3,31.9,76.1,22.6,27.2,11.5,16.2,10.3,30.2,74,21.8,42.6,7.3,28.3,72.2,20.2,23.6,10,14.4,9.3,26.2,66.6,19.9,36.3,9.3,35.7,79.6,25.1,31,13.1,18,11.3,34.3,80.4,23.9,49.1
39017,Butler,OH,2022,2021,2022,2022,2022,2022,2022,2022,2022,2022,2022,2022,10.3,32.4,75.3,19.1,27.4,11.6,13.5,8.7,24.9,78.5,20.1,36.5,9.2,29,71.9,17.1,24.3,10.2,12,7.9,21.8,72.3,18.4,31.5,11.5,36,78.5,21.3,30.8,13,15,9.5,28.3,84,21.9,41.7
39019,Carroll,OH,2022,2021,2022,2022,2022,2022,2022,2022,2022,2022,2022,2022,10.5,32,74.3,24.6,29.1,12.3,13.2,8.9,29.4,75.3,22.5,40.7,9.3,28.1,70.1,21.9,25.2,10.7,11.6,8.1,25.1,67.6,20.5,33.7,11.8,35.9,78.2,27.5,33.3,14,14.8,9.9,34,82,24.6,48.1
39021,Champaign,OH,2022,2021,2022,2022,2022,2022,2022,2022,2022,2022,2022,2022,8.9,32.2,75.8,19,27.6,11.1,12.8,8.2,25.2,76.4,20.7,39.7,7.9,28.3,71.8,16.7,23.8,9.6,11.4,7.4,21.2,69,18.8,32.2,10.1,36.4,79.7,21.4,31.8,12.7,14.4,9,29.4,82.9,22.7,47.5
39023,Clark,OH,2022,2021,2022,2022,2022,2022,2022,2022,2022,2022,2022,2022,8,34.7,76.4,21.8,28.5,12.3,15.3,9.8,29,72.6,21.3,41.8,7.1,30.7,72.7,19.5,24.9,10.7,13.6,8.9,25.3,65.2,19.4,35.8,9,38.7,79.8,24.2,32.3,13.9,17.1,10.9,33,79.3,23.3,48
39025,Clermont,OH,2022,2021,2022,2022,2022,2022,2022,2022,2022,2022,2022,2022,8.6,31.8,76.2,19.2,25.5,10.7,11.2,7.9,25.6,73.9,19.4,40.1,7.6,28.1,72.5,16.9,22.1,9.3,9.9,7.1,22.1,66.3,17.6,34.4,9.7,35.4,79.8,21.5,29.2,12.2,12.5,8.6,29.5,80.6,21.3,46.4
39027,Clinton,OH,2022,2021,2022,2022,2022,2022,2022,2022,2022,2022,2022,2022,7.7,32.9,76.9,22.6,27.9,12,14,9.2,29.3,73.9,22.5,41.6,6.8,29.1,73,20.1,24,10.4,12.4,8.3,24.9,65.7,20.4,34.2,8.6,36.8,80.5,25.3,31.9,13.6,15.8,10.2,33.9,80.8,24.6,49.3
39029,Columbiana,OH,2022,2021,2022,2022,2022,2022,2022,2022,2022,2022,2022,2022,10.3,33.3,76.8,23.3,27.1,12.2,12.8,8.5,28.5,72.2,22.2,47,9.2,29.7,73.1,20.7,23.5,10.6,11.4,7.7,24.5,64.6,20.2,40.6,11.5,37.2,80.2,25.8,30.8,13.8,14.4,9.4,32.6,78.9,24.2,53.2
39031,Coshocton,OH,2022,2021,2022,2022,2022,2022,2022,2022,2022,2022,2022,2022,9.8,33.4,74.5,21.5,28.3,12.4,13.8,9.2,27.4,70.4,21.8,40.5,8.7,29.7,70.4,19,24.5,10.8,12.2,8.3,23.5,61.9,19.8,34,11,37.4,78.1,23.9,32.2,14,15.3,10.1,31.3,77.5,23.8,46.7
39033,Crawford,OH,2022,2021,2022,2022,2022,2022,2022,2022,2022,2022,2022,2022,9,33.4,75.4,23.6,28,12.4,14.1,9.1,29.3,65.8,22.4,44,8.1,29.6,71.4,20.9,24.2,10.7,12.5,8.2,25.1,56.8,20.4,37.1,10.1,37.3,79.1,26.3,32.1,14.1,15.8,10.1,33.9,73.7,24.6,51.3
39035,Cuyahoga,OH,2022,2021,2022,2022,2022,2022,2022,2022,2022,2022,2022,2022,7.3,32.5,78,17.7,24.2,11.1,19.6,11.8,22.7,78.2,18.9,37.8,6.5,29.8,75.4,16.1,21.9,10,17.9,10.9,20.4,73,17.4,34.3,8.1,35.2,80.4,19.5,26.7,12.4,21.4,12.9,25.2,82.7,20.5,41.4
39037,Darke,OH,2022,2021,2022,2022,2022,2022,2022,2022,2022,2022,2022,2022,8.2,33.9,76,21.5,26.7,11.7,16.6,10.5,26.7,76.2,21.2,40.1,7.3,29.9,72.3,19.2,23.2,10.3,14.8,9.5,22.9,69,19.3,33.5,9.2,38.1,79.5,23.9,30.5,13.4,18.5,11.5,30.8,82.5,23.2,46.9
39039,Defiance,OH,2022,2021,2022,2022,2022,2022,2022,2022,2022,2022,2022,2022,9.5,32.1,75.6,18.4,26.7,11.2,12.6,8.5,25.4,75.7,19.7,42.2,8.4,28.1,71.5,16.2,22.9,9.8,11.2,7.7,21.5,68.2,17.8,34.7,10.6,36.2,79.3,20.6,30.5,12.8,14.2,9.4,29.5,82.3,21.6,49.8
39041,Delaware,OH,2022,2021,2022,2022,2022,2022,2022,2022,2022,2022,2022,2022,4.5,28.8,76.5,12.3,21.3,8.9,5.9,4.6,17.7,83.5,16.7,32.2,4,25.8,73.5,10.9,18.9,7.9,5.2,4.2,15.4,78.7,15.2,28.5,5,31.7,79.3,13.8,23.9,10.1,6.6,5.1,20.1,87.5,18.2,36.2
39043,Erie,OH,2022,2021,2022,2022,2022,2022,2022,2022,2022,2022,2022,2022,7.6,31.4,78.3,15.6,25.9,10.5,11.4,7.9,24.2,79.7,17.7,36.7,6.8,28.1,74.9,13.8,22.7,9.3,10.1,7.2,21,73.7,16.1,31.4,8.6,35.1,81.5,17.4,29.5,11.9,12.8,8.8,27.6,85,19.4,42.3
39045,Fairfield,OH,2022,2021,2022,2022,2022,2022,2022,2022,2022,2022,2022,2022,6.3,32.5,76.3,21.1,26.9,11.4,11.3,7.8,27.8,70.7,20.6,39,5.6,28.7,72.6,18.9,23.4,10,10,7.1,24,63.1,18.8,33,7.1,36.4,79.7,23.5,30.5,12.9,12.6,8.6,31.7,77.6,22.5,45.1
39047,Fayette,OH,2022,2021,2022,2022,2022,2022,2022,2022,2022,2022,2022,2022,10.9,34.7,76,23.4,29.3,13,16.9,10.5,30.2,70.2,22.7,40.6,9.6,31,71.7,20.7,25.1,11.3,15.1,9.5,25.7,61.2,20.6,33.5,12.3,38.8,79.7,26.1,33.3,14.8,18.8,11.5,34.5,77.8,24.8,47.6
39049,Franklin,OH,2022,2021,2022,2022,2022,2022,2022,2022,2022,2022,2022,2022,8.3,31.2,76.8,14.6,24.1,11.8,12.7,8.5,23.3,77.8,17.8,36.1,7.4,28.4,74.2,13.1,21.8,10.6,11.5,7.7,20.9,72.6,16.2,32.8,9.2,33.7,79.1,16.1,26.4,13,14.1,9.3,25.6,82.4,19.2,39.4
39051,Fulton,OH,2022,2021,2022,2022,2022,2022,2022,2022,2022,2022,2022,2022,8,31,75.5,21.2,27.2,11.5,9.8,6.9,29.1,74.3,20.6,42.4,7.1,27.3,71.2,18.7,23.2,9.9,8.7,6.3,24.6,65.8,18.6,34.8,9.1,34.9,79.5,23.9,31.5,13.1,10.9,7.6,33.8,81.4,22.7,50.3
39053,Gallia,OH,2022,2021,2022,2022,2022,2022,2022,2022,2022,2022,2022,2022,8.2,33.9,76.7,21.9,26.8,12.7,13.8,9.2,30.9,71.1,21.1,40.1,7.2,30.3,73.1,19.6,23.4,11.1,12.3,8.3,27.1,63.3,19.2,34,9.2,37.9,79.9,24.2,30.4,14.2,15.4,10.1,35,77.7,23,46.3
39055,Geauga,OH,2022,2021,2022,2022,2022,2022,2022,2022,2022,2022,2022,2022,6.4,29,74.3,17.8,25.4,9.9,7.1,5.6,20.7,79.2,18.4,36.3,5.6,25.2,70.4,15.8,21.9,8.6,6.2,5,17.4,72.3,16.7,30,7.2,32.7,78,20,29.2,11.5,8,6.2,24.3,84.8,20.2,42.9
39057,Greene,OH,2022,2021,2022,2022,2022,2022,2022,2022,2022,2022,2022,2022,6.1,30.2,78.7,15.2,26.6,10.7,9.5,6.8,22,76.7,18.7,39.2,5.4,26.8,75.4,13.4,23.3,9.4,8.5,6.1,19,70.2,16.9,34,6.9,33.9,82,17.2,30.3,12.2,10.7,7.5,25.5,82.8,20.6,45.1
39059,Guernsey,OH,2022,2021,2022,2022,2022,2022,2022,2022,2022,2022,2022,2022,11.2,35.2,77.2,24.4,30.5,12.3,15.6,10.1,30.3,74.4,22.8,41.5,9.9,31.3,73.5,21.7,26.6,10.7,13.9,9.2,26.2,66.9,20.7,35.2,12.5,39,80.5,27,34.3,13.9,17.4,11.2,34.4,80.9,24.8,47.6
39061,Hamilton,OH,2022,2021,2022,2022,2022,2022,2022,2022,2022,2022,2022,2022,7.8,34,77.7,18.4,26.6,12.9,15.3,9.9,26.5,78.6,20.1,38.6,6.9,31.2,74.8,16.5,23.8,11.5,13.7,9,23.6,73,18.4,34.5,8.8,36.8,80.4,20.4,29.5,14.4,17,10.9,29.5,83.4,21.9,42.8
39063,Hancock,OH,2022,2021,2022,2022,2022,2022,2022,2022,2022,2022,2022,2022,7.2,30.9,76,16.7,26.5,10.9,11.1,7.6,23.2,76.6,18.5,37,6.4,27.7,72.5,15,23.3,9.6,9.9,6.9,20.2,70.1,16.8,31.9,8.1,34.4,79.5,18.8,30.3,12.5,12.5,8.4,26.7,82.7,20.4,42.8
39065,Hardin,OH,2022,2021,2022,2022,2022,2022,2022,2022,2022,2022,2022,2022,8.4,33.6,74,26.4,29.6,12.9,12.5,8.1,31.6,72.1,23.5,45.3,7.5,29.9,70,23.7,25.8,11.3,11.1,7.3,27.3,63.9,21.5,38.4,9.5,37.7,77.8,29.4,33.8,14.6,14.1,9,36.3,79.3,25.7,52.5
39067,Harrison,OH,2022,2021,2022,2022,2022,2022,2022,2022,2022,2022,2022,2022,9.4,34.4,75.5,21.4,27.7,11.6,15.1,9.6,28,73.6,22,41.4,8.3,30.6,71.4,18.9,23.8,10.1,13.4,8.7,23.8,65.9,19.9,33.9,10.5,38.6,79.3,24,31.8,13.2,17,10.6,32.6,80.8,24.2,49.1
39069,Henry,OH,2022,2021,2022,2022,2022,2022,2022,2022,2022,2022,2022,2022,7.2,32.1,76.5,20.1,27.3,11.3,12.6,8.5,27.9,77.8,21,42.8,6.5,28.1,72.7,17.9,23.6,9.9,11.2,7.7,23.8,70.8,19.1,35.4,8.1,36.1,80.2,22.7,31.3,13,14.1,9.4,32.3,84.2,23.1,50.6
39071,Highland,OH,2022,2021,2022,2022,2022,2022,2022,2022,2022,2022,2022,2022,12.1,35.5,74.7,24.6,30.1,12.4,17.7,11,31.7,75,23,43.1,10.9,31.7,71.4,22.4,26.9,11,15.8,10,28.3,68.9,21.2,37.9,13.3,39.4,77.7,26.8,33.4,13.8,19.7,12.1,35.3,80.4,24.8,48.3
39073,Hocking,OH,2022,2021,2022,2022,2022,2022,2022,2022,2022,2022,2022,2022,10.1,34,75.6,25,28.3,12.8,14,9.1,31,70.6,23.1,42.7,8.9,30.3,71.8,22.5,24.7,11.2,12.5,8.2,27,62.5,21.1,36.4,11.3,38,79.3,27.8,32.2,14.5,15.6,10,35.3,77.7,25.2,49.4
39075,Holmes,OH,2022,2021,2022,2022,2022,2022,2022,2022,2022,2022,2022,2022,13,32.9,72.6,26.8,29.4,12.3,15.6,9.9,32.7,69.2,23.7,42.7,11.6,28.9,68.3,23.9,25.4,10.7,13.9,9,28.1,60.5,21.6,34.8,14.5,37.2,76.7,29.6,33.6,14,17.4,10.9,37.6,77.4,25.8,50.6
39077,Huron,OH,2022,2021,2022,2022,2022,2022,2022,2022,2022,2022,2022,2022,10,33,77.1,18.5,25.5,11.7,13.5,9.1,23.4,73.5,19.1,41.9,8.9,29.5,73.1,16.3,21.9,10.1,11.9,8.1,19.9,65.8,17.3,35.2,11.2,36.8,80.4,20.6,29,13.2,15.1,10,26.9,79.9,20.9,48.3
39079,Jackson,OH,2022,2021,2022,2022,2022,2022,2022,2022,2022,2022,2022,2022,7.9,34.8,76.9,21.9,28.3,12.4,15.2,10.1,30.2,70.4,21.1,43.7,6.9,31.2,73.2,19.6,24.6,10.9,13.6,9.2,26.4,62.1,19.1,37.4,8.9,38.5,80.4,24.3,32.3,14.1,17,11.1,34.3,77.5,23.1,50.4
39081,Jefferson,OH,2022,2021,2022,2022,2022,2022,2022,2022,2022,2022,2022,2022,8.6,33.2,78.7,20.9,27.3,11.1,15.4,9.7,26.1,72,20.8,40.1,7.6,29.7,75.3,18.6,23.9,9.8,13.8,8.8,22.7,64.8,19,34.7,9.7,36.7,81.7,23.1,30.8,12.6,17.1,10.7,29.7,78.5,22.7,45.5
39083,Knox,OH,2022,2021,2022,2022,2022,2022,2022,2022,2022,2022,2022,2022,8.4,30.8,75.5,18.5,27.6,10.2,13.1,9.2,26.2,72.7,20.6,35.8,7.5,27.4,72,16.5,24.3,8.9,11.6,8.3,22.7,65.6,18.9,30.4,9.5,34.3,79,20.7,31.4,11.6,14.6,10.1,30.2,79.4,22.5,41.9
39085,Lake,OH,2022,2021,2022,2022,2022,2022,2022,2022,2022,2022,2022,2022,6.4,30.6,76.3,16.9,25.9,10.8,9.5,6.9,24.7,76.9,19.2,40.9,5.7,27,72.6,14.9,22.5,9.5,8.4,6.2,21.2,70.3,17.5,34.9,7.2,34.4,79.7,19,29.5,12.3,10.7,7.6,28.4,82.7,21,47.2
39087,Lawrence,OH,2022,2021,2022,2022,2022,2022,2022,2022,2022,2022,2022,2022,8.2,36.6,75.9,24.4,30.6,13,14.7,9.6,33.5,69.4,23.4,44.9,7.2,33.1,72.3,21.9,27.1,11.5,13,8.7,29.5,62,21.4,39.4,9.2,40.1,79.3,27.1,34.4,14.6,16.5,10.6,37.7,76.4,25.6,50.6
39089,Licking,OH,2022,2021,2022,2022,2022,2022,2022,2022,2022,2022,2022,2022,7.9,30.8,76.7,19.9,26.6,10.8,10.4,7.5,24.7,76,20.3,36,7.1,27.4,72.9,17.6,23,9.4,9.2,6.8,21,68.6,18.5,30.1,8.8,34.3,80,22.1,30.1,12.3,11.7,8.3,28.4,82.1,22.2,41.8
39091,Logan,OH,2022,2021,2022,2022,2022,2022,2022,2022,2022,2022,2022,2022,7.8,32.1,75.2,21.2,26.9,11.6,15.6,9.8,28.6,73,21.2,38.7,6.9,28.3,70.9,18.7,22.9,10,13.9,8.9,24.2,65.2,19.2,31.2,8.8,36.1,79,23.9,31,13.2,17.4,10.8,33.2,80.1,23.2,46.4
39093,Lorain,OH,2022,2021,2022,2022,2022,2022,2022,2022,2022,2022,2022,2022,8.3,33.1,77.2,19.4,29.1,11.6,12.7,8.4,28.1,73.5,21.3,39.6,7.4,29.5,73.5,17.1,25.4,10.2,11.4,7.7,24.3,66.2,19.4,33.8,9.3,36.9,80.3,21.5,32.5,13.1,14.2,9.3,31.6,79.6,23.1,45.1
39095,Lucas,OH,2022,2021,2022,2022,2022,2022,2022,2022,2022,2022,2022,2022,7.7,33.5,79.5,19.8,27.9,12.8,15.3,10.1,27.2,73.8,21.6,42.4,6.9,30.6,76.8,17.8,25.1,11.5,13.8,9.2,24.4,67.7,19.8,38.6,8.7,36.4,82.1,21.9,30.9,14.3,17,11.1,30.1,79.3,23.4,46.4
39097,Madison,OH,2022,2021,2022,2022,2022,2022,2022,2022,2022,2022,2022,2022,8.7,33.5,75.3,22.3,26.7,11.6,12.4,8.4,26.9,70.8,21.2,41.7,7.7,29.4,71.7,20,23.3,10.2,11,7.5,23.2,63.1,19.5,34.9,9.8,37.8,79.3,25,30.8,13.3,13.9,9.3,31.5,78.7,23.3,49.5
39099,Mahoning,OH,2022,2021,2022,2022,2022,2022,2022,2022,2022,2022,2022,2022,9.3,31.2,77,21.6,25.6,12.5,17.3,10.4,27.9,76.7,20.9,39.7,8.3,27.8,73.7,19.4,22.6,11.1,15.5,9.5,24.6,70.6,19.1,35,10.4,34.5,80.1,24,28.9,14.1,19.1,11.5,31.5,82.1,22.8,44.8
39101,Marion,OH,2022,2021,2022,2022,2022,2022,2022,2022,2022,2022,2022,2022,10.2,35.7,76.1,23.2,28.4,12.8,18.5,11.7,27.9,73,22.2,45.2,9.1,32,72.7,20.9,25,11.3,16.6,10.6,24.4,65.8,20.3,39.6,11.4,39.6,79.5,25.7,32,14.4,20.4,12.7,31.6,79.2,24.2,50.9
39103,Medina,OH,2022,2021,2022,2022,2022,2022,2022,2022,2022,2022,2022,2022,6.8,28.4,76.5,16.1,25.9,10.4,10.2,7.3,22.3,76.4,18.1,36,6,25.1,72.8,14.2,22.5,9.1,9,6.6,19.1,69.3,16.4,30.1,7.6,31.9,80,18.1,29.6,11.8,11.5,8,25.8,82.5,19.8,42.1
39105,Meigs,OH,2022,2021,2022,2022,2022,2022,2022,2022,2022,2022,2022,2022,12.3,36.4,76.1,25.1,31.1,13.1,16.6,10.4,31.1,74.4,23.8,48.7,11,32.5,72.2,22.4,27.1,11.5,14.8,9.4,26.8,67,21.7,41.6,13.8,40.5,79.7,27.9,35.3,14.8,18.6,11.5,35.6,81.2,25.9,55.6
39107,Mercer,OH,2022,2021,2022,2022,2022,2022,2022,2022,2022,2022,2022,2022,8.4,31.5,75.1,19.6,25.8,10.9,11.7,8.1,25.2,77.3,20.1,37.8,7.5,28.3,71.4,17.5,22.4,9.5,10.4,7.3,21.7,70.8,18.3,31.9,9.4,36.3,78.7,21.9,29.6,12.4,13.1,8.9,29,83.2,22,44.1
39109,Miami,OH,2022,2021,2022,2022,2022,2022,2022,2022,2022,2022,2022,2022,8,32.3,77.7,16.4,26.8,10.5,12.8,8.6,21.2,71,19.2,39.8,7.1,28.5,73.9,14.4,23.1,9.2,11.4,7.9,17.8,62.5,17.4,33,9.1,36.1,81.3,18.5,30.8,12.1,14.3,9.5,25,78.3,21.2,47.1
39111,Monroe,OH,2022,2021,2022,2022,2022,2022,2022,2022,2022,2022,2022,2022,10,35.2,75.2,24.3,29.4,12.1,14.8,9.6,29.4,70.9,22.9,43,8.9,31.1,71.3,21.7,25.5,10.5,13.1,8.7,25.2,62.6,20.9,36,11.2,39.1,79,27,33.5,13.8,16.6,10.6,33.9,78.7,25,50.3
39113,Montgomery,OH,2022,2021,2022,2022,2022,2022,2022,2022,2022,2022,2022,2022,8.4,34,78,19.9,27.9,12.4,13.9,9.1,29.4,76.5,20.9,41.5,7.7,30.9,75.9,18.5,25.8,11.4,12.5,8.2,27.2,72.5,19.7,38.5,9.2,36.9,80.1,21.5,30.1,13.4,15.4,9.9,31.7,80.2,22.3,44.6
39115,Morgan,OH,2022,2021,2022,2022,2022,2022,2022,2022,2022,2022,2022,2022,9.8,35.5,76.8,19.3,28.1,11.8,19.2,12.2,26.4,72.3,21.5,41.8,8.7,31.5,73,17.2,24.3,10.4,17.3,11.1,22.5,64.4,19.5,34.7,11,39.8,80.5,21.7,32.3,13.5,21.3,13.4,30.8,79.6,23.6,49.7
39117,Morrow,OH,2022,2021,2022,2022,2022,2022,2022,2022,2022,2022,2022,2022,10.3,33.4,74.9,23.8,29.5,12.5,13.8,9,30,73.2,22.4,42.6,9.1,29.5,71.1,21.2,25.7,10.9,12.3,8.1,25.9,65.4,20.4,36,11.5,37.4,78.6,26.4,33.5,14.1,15.5,9.9,34.3,80.1,24.4,49.3
39119,Muskingum,OH,2022,2021,2022,2022,2022,2022,2022,2022,2022,2022,2022,2022,7.1,35.9,77.9,19.6,26.8,11.8,14.5,9.4,27.3,74.6,20.2,41.2,6.3,32.4,74.5,17.5,23.5,10.3,12.8,8.5,23.8,67.3,18.3,36.1,7.9,39.3,80.8,21.7,30,13.2,16,10.3,30.6,80.4,21.9,46
39121,Noble,OH,2022,2021,2022,2022,2022,2022,2022,2022,2022,2022,2022,2022,8.2,34.2,75.2,25.4,27.7,12.7,15.3,10,30.5,72.9,22.4,44.8,7.3,30.2,71.3,22.8,23.9,11.1,13.6,9,26.1,65.1,20.5,37.5,9.2,38.3,79,28.3,31.8,14.5,17.1,11,35.2,80.1,24.4,52.7
39123,Ottawa,OH,2022,2021,2022,2022,2022,2022,2022,2022,2022,2022,2022,2022,6.8,29.5,75,17.4,25.8,10.3,10.9,7.7,23.4,75.7,19.2,41.2,6,25.9,71.1,15.5,22.3,9,9.7,7,19.8,68.3,17.5,34.4,7.6,33.1,78.7,19.6,29.7,11.8,12.2,8.6,27.3,82.3,21.1,48.4
39125,Paulding,OH,2022,2021,2022,2022,2022,2022,2022,2022,2022,2022,2022,2022,7.5,32.3,75.3,22.5,27.7,11.8,12.9,8.5,29.3,74.9,22,39.4,6.7,28.8,71.1,19.9,23.8,10.2,11.6,7.7,24.9,66.9,19.9,31.9,8.4,35.9,79.1,25.2,31.7,13.5,14.3,9.2,33.9,81.8,24,47.5
39127,Perry,OH,2022,2021,2022,2022,2022,2022,2022,2022,2022,2022,2022,2022,6.4,34.4,76.1,23.7,27.5,12,15,9.5,30.4,72.5,22.1,42.9,5.6,30.6,72.1,21,23.8,10.4,13.3,8.6,26.2,64.1,20,36.2,7.2,38.4,79.7,26.4,31.4,13.6,16.9,10.5,34.8,79.6,24.1,49.7
39129,Pickaway,OH,2022,2021,2022,2022,2022,2022,2022,2022,2022,2022,2022,2022,11,33,76.3,19.6,27.8,11.2,15,9.8,25.8,70,20.1,42.9,9.8,29.1,72.5,17.3,24.1,9.8,13.4,8.9,22,61.7,18.3,35.9,12.3,37.1,80,21.9,31.8,12.8,16.8,10.8,30,77.5,22.1,50.2
39131,Pike,OH,2022,2021,2022,2022,2022,2022,2022,2022,2022,2022,2022,2022,11,35.3,77.6,25.1,31,13.3,18.8,11.7,31.4,69.2,23.4,40.6,9.8,31.4,73.9,22.5,27.1,11.7,16.8,10.6,27.2,61.3,21.4,34.2,12.4,39.2,81,27.7,35.1,15.1,20.9,12.9,35.8,76.7,25.5,47.4
39133,Portage,OH,2022,2021,2022,2022,2022,2022,2022,2022,2022,2022,2022,2022,6.8,31.8,75.7,17.5,26.4,10.6,11.8,8.1,23.2,72.9,19.2,38.5,6,28.3,72.2,15.6,23.2,9.4,10.4,7.3,20,65.5,17.5,33.2,7.6,35.6,79,19.5,30,12.1,13.3,8.9,26.7,79.5,21,44.1
39135,Preble,OH,2022,2021,2022,2022,2022,2022,2022,2022,2022,2022,2022,2022,6.9,32.4,76,21.6,27.8,11.4,12.3,8.3,26.4,73.7,20.8,38.5,6,28.2,71.6,19,23.6,9.8,10.9,7.5,22,64.9,18.8,30.4,7.8,36.5,80,24.3,32.2,13.2,13.7,9.1,30.9,81.1,23,46.5
39137,Putnam,OH,2022,2021,2022,2022,2022,2022,2022,2022,2022,2022,2022,2022,9.3,31.4,76.1,16,25.2,10.1,10.3,6.9,21.7,81.5,18.8,40,8.2,27.9,72.5,14.2,22,8.9,9.1,6.2,18.7,75.7,17.2,34.2,10.4,35,79.7,18.1,28.9,11.6,11.6,7.6,25.3,86.7,20.7,46.7
39139,Richland,OH,2022,2021,2022,2022,2022,2022,2022,2022,2022,2022,2022,2022,9.9,33,76,18.6,27.3,12,17.6,10.9,26,69.3,20.5,39.8,8.8,29.4,72.6,16.6,24.1,10.5,15.9,9.9,22.7,62,18.7,34.7,11,36.3,79.3,20.7,30.8,13.5,19.6,11.9,29.4,76,22.4,45.1
39141,Ross,OH,2022,2021,2022,2022,2022,2022,2022,2022,2022,2022,2022,2022,10.9,33.8,76.9,23.4,28.7,13,17.4,11,29,70.5,22.3,42.2,9.7,30.4,73.7,21.1,25.6,11.5,15.6,10,25.7,63.6,20.4,37.4,12.3,37.3,80,25.9,32.1,14.7,19.1,12,32.7,77,24.3,47.4
39143,Sandusky,OH,2022,2021,2022,2022,2022,2022,2022,2022,2022,2022,2022,2022,8.6,32.4,74.8,21,27,12.1,13.4,8.8,28.5,74.7,20.8,42.2,7.6,28.9,71,18.7,23.4,10.6,11.9,7.9,24.6,67.1,18.9,35.8,9.6,36,78.4,23.5,30.7,13.7,15.1,9.7,32.6,81.3,22.8,48.7
39145,Scioto,OH,2022,2021,2022,2022,2022,2022,2022,2022,2022,2022,2022,2022,10.1,39,76.3,23.6,28.4,12.9,18,11.3,30.6,69,23.2,43.7,9,35.6,72.8,21.1,25,11.4,16.2,10.3,26.8,61.5,21.2,38.3,11.3,42.3,79.5,26.2,31.9,14.5,20,12.5,34.3,75.9,25.2,49.1
39147,Seneca,OH,2022,2021,2022,2022,2022,2022,2022,2022,2022,2022,2022,2022,8,31.9,77.2,22.4,27.8,12.1,10.9,7.6,28.5,71.7,21.5,47.1,7.1,27.9,73.8,20.1,24.4,10.7,9.7,6.9,24.8,63.9,19.7,41.1,8.8,35.9,80.4,25,31.5,13.7,12.3,8.4,32.5,78.4,23.5,53.2
39149,Shelby,OH,2022,2021,2022,2022,2022,2022,2022,2022,2022,2022,2022,2022,7.4,32.1,75.4,20.3,27.8,11.4,12.4,8.4,25.2,73.9,21.2,37.9,6.6,28.3,71.5,18,24.2,9.9,10.9,7.6,21.6,66.4,19.3,31.3,8.3,36.2,79.3,22.8,31.9,13,13.9,9.3,29.4,81,23.2,45.5
39151,Stark,OH,2022,2021,2022,2022,2022,2022,2022,2022,2022,2022,2022,2022,8.3,33.8,75.5,17,24.4,10.8,13.4,8.6,22.7,71.4,18.5,38.3,7.3,30.5,72,15.1,21.4,9.5,11.9,7.8,19.9,64.5,16.9,33.6,9.3,37.3,78.6,19,27.4,12.2,14.9,9.5,25.7,77.6,20.3,42.9
39153,Summit,OH,2022,2021,2022,2022,2022,2022,2022,2022,2022,2022,2022,2022,7.2,30.7,76.2,17.5,26,11.2,12.8,8.5,23.5,71.6,19.3,39.5,6.5,27.9,73.3,15.8,23.3,10,11.5,7.7,20.9,65.4,17.7,35.5,8.1,33.7,78.8,19.3,28.7,12.5,14.3,9.4,26.2,77,20.9,43.4
39155,Trumbull,OH,2022,2021,2022,2022,2022,2022,2022,2022,2022,2022,2022,2022,9.3,34.6,76.2,24.2,28,12.8,15.3,9.9,30.3,76.7,23.3,44.6,8.2,31.3,72.9,21.9,24.7,11.4,13.8,9,26.7,70.5,21.4,39.3,10.4,38.2,79.4,26.8,31.4,14.3,17.1,10.9,34,82.3,25.3,49.9
39157,Tuscarawas,OH,2022,2021,2022,2022,2022,2022,2022,2022,2022,2022,2022,2022,8.4,33.4,76.7,23.2,25.9,12,13.9,8.8,30,73.5,20.6,43.7,7.5,29.8,73.1,20.8,22.6,10.6,12.3,7.9,26.4,66.7,18.7,38.3,9.4,37.1,79.9,25.6,29.4,13.5,15.5,9.7,33.7,79.8,22.5,49
39159,Union,OH,2022,2021,2022,2022,2022,2022,2022,2022,2022,2022,2022,2022,4.2,29.9,77.6,14.4,25.3,8.7,8.9,6.3,20.1,78.9,17.3,37.4,3.7,26,74,12.6,22,7.5,7.8,5.7,17.1,72,15.7,31.7,4.9,33.8,81,16.2,28.9,10,10,7,23.5,84.8,19.1,43.4
39161,Van Wert,OH,2022,2021,2022,2022,2022,2022,2022,2022,2022,2022,2022,2022,8.1,33.1,76,18.9,27.6,10.9,12.1,8,24.7,75.2,20.4,42.3,7.1,29.2,71.9,16.6,23.7,9.5,10.7,7.2,21,67.5,18.5,35.5,9.1,37.4,79.5,21.1,31.4,12.4,13.7,8.9,28.5,81.9,22.3,49
39163,Vinton,OH,2022,2021,2022,2022,2022,2022,2022,2022,2022,2022,2022,2022,12.6,37.2,75.3,26.5,30.2,12.8,18.2,11.4,32.5,66.9,24,41.2,11.2,32.8,71.3,23.7,26.2,11.2,16.4,10.4,28.1,58,21.8,33.9,14,41.6,79.2,29.5,34.5,14.6,20.3,12.6,37.5,75.2,26.2,49.2
39165,Warren,OH,2022,2021,2022,2022,2022,2022,2022,2022,2022,2022,2022,2022,5,28.8,78.4,13.4,22.6,9.9,7.3,5.5,20.8,79.1,17,34.1,4.5,25.4,74.9,11.8,19.5,8.6,6.5,5,17.7,72.6,15.4,28.4,5.7,32.4,81.6,15.1,26,11.2,8.2,6,24.1,84.6,18.7,40
39167,Washington,OH,2022,2021,2022,2022,2022,2022,2022,2022,2022,2022,2022,2022,6.5,33.6,76.1,21.2,29.1,12,13.1,8.7,27.7,73.3,21,44.7,5.7,30.4,72.7,19,25.8,10.5,11.7,7.9,24.4,66.3,19.2,39.6,7.3,37.1,79.4,23.6,32.7,13.6,14.7,9.6,31.3,79.5,23,49.9
39169,Wayne,OH,2022,2021,2022,2022,2022,2022,2022,2022,2022,2022,2022,2022,8.8,32.4,74.9,19,26.7,10.6,11.8,7.8,24,72.4,20.1,40.1,7.8,28.4,70.9,16.9,23.1,9.2,10.5,7.1,20.5,64.6,18.2,33.9,9.8,36.2,78.5,21.2,30.5,12.1,13.2,8.6,27.8,79.2,21.9,46.7
39171,Williams,OH,2022,2021,2022,2022,2022,2022,2022,2022,2022,2022,2022,2022,9.6,33.3,75.3,20,27.2,11.5,14.8,9.7,26.4,75.6,20.6,41.5,8.5,29.2,71.3,17.7,23.4,10,13.1,8.7,22.5,67.9,18.7,34.3,10.7,37.5,79,22.3,31.1,13,16.6,10.7,30.6,82,22.6,48.7
39173,Wood,OH,2022,2021,2022,2022,2022,2022,2022,2022,2022,2022,2022,2022,6.2,31.4,77.2,15.7,26.1,10.6,10,7,23.5,76.2,19.2,35.7,5.5,28.1,74,14,23,9.4,8.8,6.3,20.5,69.4,17.5,30.7,7,35,80.3,17.7,29.4,12,11.3,7.7,26.8,81.9,20.9,41.1
39175,Wyandot,OH,2022,2021,2022,2022,2022,2022,2022,2022,2022,2022,2022,2022,7.3,30.6,75.6,18,27.4,10.3,9,6.7,25.6,76.3,20,40,6.4,26.8,71.5,15.8,23.5,8.9,7.9,6.1,21.6,68.4,18.1,32.7,8.2,34.7,79.2,20.2,31.1,11.7,10.2,7.4,29.5,82.6,21.8,47
